{
  "mae": 989.9825238144189,
  "rmse": 1324.1778968805475,
  "r2_score": 0.9098774700056563,
  "actuals": [50000, 60000, 45000],
  "predictions": [51000, 59800, 47000]
}
